n_id	s_description	b_is_home_door	s_name	s_entity_cfg	s_icon	s_create_sound_key	s_hurt_sound_key	s_damaged_sound_key	s_start_hack_sound_key	s_succeed_hack_sound_key	s_failed_hack_sound_key	n_price	n_max_hp	n_def	n_def_lv	n_hack_probability	n_hack_time	n_damaged_recover_time	n_hacked_recover_time	n_total_gear_count	n_green_gear_count	n_cursor_speed	n_penalty_time
大门id	备注	是否玩家可用	名称	Entity配置名	图标	创建音效	击中音效	破损音效	开始解锁音效	成功解锁音效	失败解锁音效	价格	血量	防御	防御等级	解锁概率	解锁时间	损坏恢复时间	破解恢复时间	总齿数	绿齿数	光标速度	罚时
50001		1	bastion.door.name1	building_bastion_door_1	gameres|asset/Imageset/g2055_icon:icon_0_door_01	g2055_rebuildSound	g2055_woodDoorAttackSound	g2055_doorBlastSound	g2055_doorUnlockingSound	g2055_doorUnlockSuccessSound	g2055_doorUnlocFailSound	2000	400	0	1	100	10	30	30	20	5	500	1
50002		1	bastion.door.name2	building_bastion_door_2	gameres|asset/Imageset/g2055_icon:icon_0_door_02	g2055_rebuildSound	g2055_ironDoorAttackSound	g2055_doorBlastSound	g2055_doorUnlockingSound	g2055_doorUnlockSuccessSound	g2055_doorUnlocFailSound	10000	2000	0	2	100	10	30	30	20	2	800	1
50003		1	bastion.door.name3	building_bastion_door_3	gameres|asset/Imageset/g2055_icon:icon_0_door_03	g2055_rebuildSound	g2055_goldenDoorAttackSound	g2055_doorBlastSound	g2055_doorUnlockingSound	g2055_doorUnlockSuccessSound	g2055_doorUnlocFailSound	50000	50000	0	2	20	10	30	30	20	1	1400	1
50004		1	bastion.door.name4	building_bastion_door_4	gameres|asset/Imageset/g2055_icon:icon_0_door_04	g2055_rebuildSound	g2055_diamonDoorAttackSound	g2055_doorBlastSound	g2055_doorUnlockingSound	g2055_doorUnlockSuccessSound	g2055_doorUnlocFailSound	200000	100000	0	2	5	10	30	30	20	1	1500	1.5
51001		0	bastion.door.name1	building_bastion_door_1	gameres|asset/Imageset/g2055_icon:icon_0_door_01	g2055_rebuildSound	g2055_woodDoorAttackSound	g2055_doorBlastSound	g2055_doorUnlockingSound	g2055_doorUnlockSuccessSound	g2055_doorUnlocFailSound	200000	400	0	1	100	10	30	30	20	5	500	1
51002		0	bastion.door.name2	building_bastion_door_2	gameres|asset/Imageset/g2055_icon:icon_0_door_02	g2055_rebuildSound	g2055_ironDoorAttackSound	g2055_doorBlastSound	g2055_doorUnlockingSound	g2055_doorUnlockSuccessSound	g2055_doorUnlocFailSound	200000	2000	0	2	100	10	30	30	20	2	800	1
51003		0	bastion.door.name3	building_bastion_door_3	gameres|asset/Imageset/g2055_icon:icon_0_door_03	g2055_rebuildSound	g2055_goldenDoorAttackSound	g2055_doorBlastSound	g2055_doorUnlockingSound	g2055_doorUnlockSuccessSound	g2055_doorUnlocFailSound	200000	50000	0	2	20	10	30	30	20	1	1000	1
51004		0	bastion.door.name4	building_bastion_door_4	gameres|asset/Imageset/g2055_icon:icon_0_door_04	g2055_rebuildSound	g2055_diamonDoorAttackSound	g2055_doorBlastSound	g2055_doorUnlockingSound	g2055_doorUnlockSuccessSound	g2055_doorUnlocFailSound	200000	100000	0	2	5	10	30	30	20	1	1400	1
