time	direct	ambient	diffuse	specular	exposure	gamma	SSAOIntensity
时间(时#分)	方向(x#y#z)	环境光(红#绿#蓝)	漫反射(红#绿#蓝)	高光(红#绿#蓝)			
4#0	0.161690#0.808452#-0.565916	78#65#173	123#103#133	102#102#102	1.435	1.218	0
5#0	0.161690#0.808452#-0.565916	200#167#150	205#149#114	102#102#102	2.008	1.831	0
6#0	0.161690#0.808452#-0.565916	200#167#150	205#149#114	102#102#102	2.008	1.831	0
7#0	0.161690#0.808452#-0.565916	246#247#251	253#184#141	102#102#102	1.972	1.893	0
17#0	0.161690#0.808452#-0.565916	246#247#251	253#184#141	102#102#102	1.972	1.893	0
18#0	0.161690#0.808452#-0.565916	200#167#150	205#149#114	102#102#102	2.008	1.831	0
19#0	0.161690#0.808452#-0.565916	200#167#150	205#149#114	102#102#102	2.008	1.831	0
20#0	0.161690#0.808452#-0.565916	78#65#173	123#103#133	102#102#102	1.435	1.218	0
